filename,vessel_density
Angio Retina_OD-Superficial_sub-000032.png_IT.csv,61.854353210135265
Angio Retina_OD-Superficial_sub-000032.png_IN.csv,62.0461040198133
Angio Retina_OD-Superficial_sub-000032.png_IS.csv,70.80367689083634
Angio Retina_OS-Superficial_sub-000032.png_IS.csv,64.07433264887064
Angio Retina_OD-Deep_sub-000032.png_II.csv,91.83466666666666
Angio Retina_OS-Deep_sub-000032.png_II.csv,75.1076139088729
Angio Retina_OS-Superficial_sub-000032.png_innerCircle.csv,41.97596899224806
Angio Retina_OS-Superficial_sub-000032.png_II.csv,65.97819378728657
Angio Retina_OS-Deep_sub-000032.png_innerCircle.csv,63.180939226519335
Angio Retina_OS-Deep_sub-000032.png_IS.csv,79.36892621475705
Angio Retina_OD-Deep_sub-000032.png_IT.csv,80.42311827956989
Angio Retina_OD-Superficial_sub-000032.png_II.csv,70.15498190131454
Angio Retina_OD-Deep_sub-000032.png_innerCircle.csv,65.19045534150612
Angio Retina_OD-Deep_sub-000032.png_IS.csv,81.85
Angio Retina_OD-Deep_sub-000032.png_IN.csv,81.34213333333334
Angio Retina_OS-Deep_sub-000032.png_IT.csv,76.83473305338933
Angio Retina_OS-Superficial_sub-000032.png_IN.csv,74.7392037076048
Angio Retina_OS-Deep_sub-000032.png_IN.csv,85.56594724220624
Angio Retina_OS-Superficial_sub-000032.png_IT.csv,56.83039014373717
Angio Retina_OD-Superficial_sub-000032.png_innerCircle.csv,37.12843665768194
Angio Retina_OS-Deep_sub-000096.png_IS.csv,73.38282908704883
Angio Retina_OD-Deep_sub-000096.png_IT.csv,78.0724559752655
Angio Retina_OD-Superficial_sub-000096.png_II.csv,67.31585206326555
Angio Retina_OS-Deep_sub-000096.png_IT.csv,70.1592356687898
Angio Retina_OS-Superficial_sub-000096.png_IS.csv,57.51522623597584
Angio Retina_OD-Deep_sub-000096.png_innerCircle.csv,46.144576379974325
Angio Retina_OS-Superficial_sub-000096.png_innerCircle.csv,14.260729613733906
Angio Retina_OS-Deep_sub-000096.png_innerCircle.csv,41.24598844672657
Angio Retina_OD-Superficial_sub-000096.png_IS.csv,62.243349168646084
Angio Retina_OD-Superficial_sub-000096.png_IN.csv,59.45344273992151
Angio Retina_OD-Deep_sub-000096.png_II.csv,80.1136638452237
Angio Retina_OS-Superficial_sub-000096.png_IT.csv,54.67143385525829
Angio Retina_OD-Deep_sub-000096.png_IN.csv,77.27851672712616
Angio Retina_OS-Superficial_sub-000096.png_IN.csv,48.721007371007374
Angio Retina_OD-Superficial_sub-000096.png_IT.csv,58.414964370546315
Angio Retina_OS-Deep_sub-000096.png_IN.csv,70.50033152101844
Angio Retina_OS-Deep_sub-000096.png_II.csv,77.35989921761039
Angio Retina_OS-Superficial_sub-000096.png_II.csv,57.66633906633906
Angio Retina_OD-Superficial_sub-000096.png_innerCircle.csv,15.964592274678111
Angio Retina_OD-Deep_sub-000096.png_IS.csv,76.35260115606937
Angio Retina_OS-Superficial_sub-000094.png_II.csv,63.842715646940825
Angio Retina_OD-Deep_sub-000094.png_IN.csv,73.04170701341818
Angio Retina_OS-Deep_sub-000094.png_IS.csv,73.90340557275542
Angio Retina_OS-Deep_sub-000094.png_innerCircle.csv,28.270344827586207
Angio Retina_OS-Deep_sub-000094.png_IN.csv,73.6621052631579
Angio Retina_OS-Deep_sub-000094.png_II.csv,74.33368421052631
Angio Retina_OD-Deep_sub-000094.png_innerCircle.csv,32.19600095785441
Angio Retina_OD-Superficial_sub-000094.png_IS.csv,62.251030863426216
Angio Retina_OD-Deep_sub-000094.png_IS.csv,78.47191866094896
Angio Retina_OD-Superficial_sub-000094.png_II.csv,56.92554644808743
Angio Retina_OS-Superficial_sub-000094.png_IN.csv,62.5117853560682
Angio Retina_OD-Superficial_sub-000094.png_IN.csv,56.63822652757079
Angio Retina_OD-Deep_sub-000094.png_II.csv,74.56045096140545
Angio Retina_OS-Superficial_sub-000094.png_IS.csv,63.92892324957915
Angio Retina_OS-Deep_sub-000094.png_IT.csv,74.11572755417957
Angio Retina_OD-Superficial_sub-000094.png_innerCircle.csv,9.2783908045977
Angio Retina_OS-Superficial_sub-000094.png_innerCircle.csv,7.56264367816092
Angio Retina_OD-Superficial_sub-000094.png_IT.csv,58.665937773335
Angio Retina_OD-Deep_sub-000094.png_IT.csv,73.29395490385946
Angio Retina_OS-Superficial_sub-000094.png_IT.csv,60.50283683521417
Angio Retina_OS-Superficial_sub-000090.png_II.csv,60.105779048396975
Angio Retina_OS-Deep_sub-000090.png_II.csv,77.50850340136054
Angio Retina_OD-Deep_sub-000090.png_innerCircle.csv,38.66523605150215
Angio Retina_OS-Superficial_sub-000090.png_IN.csv,56.42873187665918
Angio Retina_OD-Deep_sub-000090.png_IN.csv,75.49590892920669
Angio Retina_OD-Superficial_sub-000090.png_IT.csv,60.25369842874208
Angio Retina_OD-Superficial_sub-000090.png_IN.csv,61.5299678751721
Angio Retina_OD-Deep_sub-000090.png_II.csv,67.26099845843709
Angio Retina_OD-Superficial_sub-000090.png_innerCircle.csv,14.240026954177898
Angio Retina_OS-Deep_sub-000090.png_IT.csv,75.94610049884415
Angio Retina_OS-Deep_sub-000090.png_IN.csv,78.63957725947522
Angio Retina_OD-Superficial_sub-000090.png_II.csv,57.87232675539238
Angio Retina_OS-Deep_sub-000090.png_innerCircle.csv,42.375843041079094
Angio Retina_OD-Deep_sub-000090.png_IS.csv,74.29948997746412
Angio Retina_OD-Superficial_sub-000090.png_IS.csv,63.078838555545346
Angio Retina_OS-Superficial_sub-000090.png_IS.csv,62.685102040816325
Angio Retina_OS-Superficial_sub-000090.png_innerCircle.csv,11.334645669291339
Angio Retina_OS-Deep_sub-000090.png_IS.csv,74.35819442754593
Angio Retina_OS-Superficial_sub-000090.png_IT.csv,57.78234693877551
Angio Retina_OD-Deep_sub-000090.png_IT.csv,72.33092159886135
Angio Retina_OS-Superficial_sub-000005.png_IT.csv,62.519066433887716
Angio Retina_OS-Superficial_sub-000005.png_IS.csv,62.13929982541578
Angio Retina_OD-Superficial_sub-000005.png_IN.csv,61.137893236873836
Angio Retina_OD-Superficial_sub-000005.png_IS.csv,68.19967284623773
Angio Retina_OD-Deep_sub-000005.png_innerCircle.csv,45.421980605348224
Angio Retina_OD-Deep_sub-000005.png_IT.csv,89.41982671317655
Angio Retina_OD-Superficial_sub-000005.png_IT.csv,68.03860414394765
Angio Retina_OS-Superficial_sub-000005.png_IN.csv,60.88058742542451
Angio Retina_OD-Deep_sub-000005.png_IS.csv,88.24541465061326
Angio Retina_OS-Superficial_sub-000005.png_II.csv,67.63240018357044
Angio Retina_OD-Superficial_sub-000005.png_innerCircle.csv,12.145459888333823
Angio Retina_OD-Superficial_sub-000005.png_II.csv,68.48887427381344
Angio Retina_OS-Deep_sub-000005.png_II.csv,79.92977150537635
Angio Retina_OS-Superficial_sub-000005.png_innerCircle.csv,14.180727762803235
Angio Retina_OS-Deep_sub-000005.png_innerCircle.csv,36.70540699382897
Angio Retina_OD-Deep_sub-000005.png_IN.csv,84.53427577695501
Angio Retina_OS-Deep_sub-000005.png_IS.csv,76.20734557595993
Angio Retina_OS-Deep_sub-000005.png_IN.csv,76.51780913978494
Angio Retina_OS-Deep_sub-000005.png_IT.csv,77.7178631051753
Angio Retina_OD-Deep_sub-000005.png_II.csv,89.35958711993717
Angio Retina_OD-Deep_sub-000085.png_II.csv,55.31860497429484
Angio Retina_OD-Superficial_sub-000085.png_IS.csv,97.84742310042779
Angio Retina_OS-Deep_sub-000085.png_innerCircle.csv,42.971698113207545
Angio Retina_OD-Superficial_sub-000085.png_IT.csv,98.23324506009371
Angio Retina_OS-Superficial_sub-000085.png_IT.csv,70.00037377588399
Angio Retina_OS-Deep_sub-000085.png_IT.csv,86.11164201047505
Angio Retina_OS-Superficial_sub-000085.png_IN.csv,70.59660838898476
Angio Retina_OD-Deep_sub-000085.png_IN.csv,54.465124357371124
Angio Retina_OS-Deep_sub-000085.png_IN.csv,84.99706287287746
Angio Retina_OS-Superficial_sub-000085.png_II.csv,67.23313573947625
Angio Retina_OD-Deep_sub-000085.png_IS.csv,58.17139282735613
Angio Retina_OS-Deep_sub-000085.png_II.csv,88.89215236346948
Angio Retina_OD-Deep_sub-000085.png_innerCircle.csv,30.441211685823756
Angio Retina_OD-Deep_sub-000085.png_IT.csv,57.15102863497359
Angio Retina_OD-Superficial_sub-000085.png_II.csv,90.60650406504065
Angio Retina_OS-Deep_sub-000085.png_IS.csv,87.76330056050722
Angio Retina_OS-Superficial_sub-000085.png_IS.csv,72.88936233834193
Angio Retina_OS-Superficial_sub-000085.png_innerCircle.csv,12.834328358208955
Angio Retina_OD-Superficial_sub-000085.png_innerCircle.csv,82.9437984496124
Angio Retina_OD-Superficial_sub-000085.png_IN.csv,86.72317073170731
Angio Retina_OS-Deep_sub-000108.png_II.csv,37.44520663956639
Angio Retina_OD-Superficial_sub-000108.png_IS.csv,67.65669562910394
Angio Retina_OD-Deep_sub-000108.png_IN.csv,73.42303809086737
Angio Retina_OS-Superficial_sub-000108.png_IN.csv,38.39396321333124
Angio Retina_OS-Deep_sub-000108.png_IS.csv,35.503005672678015
Angio Retina_OS-Superficial_sub-000108.png_innerCircle.csv,4.443656716417911
Angio Retina_OD-Superficial_sub-000108.png_II.csv,72.50059563203176
Angio Retina_OD-Deep_sub-000108.png_IT.csv,76.72489203344666
Angio Retina_OD-Deep_sub-000108.png_innerCircle.csv,29.719946091644204
Angio Retina_OD-Superficial_sub-000108.png_IT.csv,63.746832924321815
Angio Retina_OS-Superficial_sub-000108.png_IT.csv,36.42140047206924
Angio Retina_OD-Deep_sub-000108.png_IS.csv,76.02214462923826
Angio Retina_OS-Superficial_sub-000108.png_IS.csv,36.19771833202203
Angio Retina_OS-Deep_sub-000108.png_IN.csv,38.71866531165312
Angio Retina_OD-Superficial_sub-000108.png_innerCircle.csv,9.517604074402126
Angio Retina_OS-Superficial_sub-000108.png_II.csv,37.74052821883352
Angio Retina_OS-Deep_sub-000108.png_IT.csv,35.06273812547625
Angio Retina_OS-Deep_sub-000108.png_innerCircle.csv,19.11988076723691
Angio Retina_OD-Superficial_sub-000108.png_IN.csv,66.1361350099272
Angio Retina_OD-Deep_sub-000108.png_II.csv,77.47893529141808
Angio Retina_OS-Superficial_sub-000089.png_IT.csv,64.26792568708737
Angio Retina_OD-Superficial_sub-000089.png_innerCircle.csv,10.273180592991913
Angio Retina_OD-Deep_sub-000089.png_IN.csv,76.09385373704859
Angio Retina_OS-Deep_sub-000089.png_IN.csv,75.51830789184875
Angio Retina_OS-Deep_sub-000089.png_IS.csv,80.96427149681529
Angio Retina_OS-Superficial_sub-000089.png_IS.csv,63.68132964839552
Angio Retina_OS-Superficial_sub-000089.png_II.csv,65.44822825586746
Angio Retina_OD-Superficial_sub-000089.png_IT.csv,59.8679592024258
Angio Retina_OS-Superficial_sub-000089.png_innerCircle.csv,10.250373134328358
Angio Retina_OS-Deep_sub-000089.png_II.csv,80.73870098772822
Angio Retina_OD-Superficial_sub-000089.png_II.csv,59.7806333180358
Angio Retina_OD-Deep_sub-000089.png_II.csv,74.50809777688362
Angio Retina_OD-Superficial_sub-000089.png_IS.csv,61.98842231002481
Angio Retina_OS-Deep_sub-000089.png_IT.csv,77.71287818471338
Angio Retina_OD-Deep_sub-000089.png_innerCircle.csv,42.753233970753655
Angio Retina_OD-Deep_sub-000089.png_IT.csv,77.15460493205838
Angio Retina_OD-Superficial_sub-000089.png_IN.csv,54.48214777420835
Angio Retina_OS-Deep_sub-000089.png_innerCircle.csv,40.77052868391451
Angio Retina_OD-Deep_sub-000089.png_IS.csv,75.89964771011576
Angio Retina_OS-Superficial_sub-000089.png_IN.csv,61.065807639208465
Angio Retina_OS-Superficial_sub-000045.png_IS.csv,60.56776624092622
Angio Retina_OS-Deep_sub-000045.png_IS.csv,80.01101603226124
Angio Retina_OD-Superficial_sub-000045.png_IT.csv,60.921253330883026
Angio Retina_OD-Superficial_sub-000045.png_II.csv,62.466819642037635
Angio Retina_OD-Superficial_sub-000045.png_innerCircle.csv,16.275067385444743
Angio Retina_OD-Deep_sub-000045.png_IT.csv,79.6002357100766
Angio Retina_OS-Superficial_sub-000045.png_II.csv,62.383019733822856
Angio Retina_OD-Deep_sub-000045.png_IS.csv,76.85939893930465
Angio Retina_OD-Superficial_sub-000045.png_IN.csv,54.1691601652134
Angio Retina_OS-Deep_sub-000045.png_innerCircle.csv,46.41310461192351
Angio Retina_OS-Superficial_sub-000045.png_IN.csv,62.65920146856356
Angio Retina_OS-Superficial_sub-000045.png_innerCircle.csv,13.020080862533693
Angio Retina_OS-Superficial_sub-000045.png_IT.csv,59.26049802444179
Angio Retina_OS-Deep_sub-000045.png_IN.csv,83.0
Angio Retina_OS-Deep_sub-000045.png_II.csv,83.49661731542308
Angio Retina_OS-Deep_sub-000045.png_IT.csv,79.20792760893086
Angio Retina_OD-Deep_sub-000045.png_II.csv,77.9759320434167
Angio Retina_OD-Superficial_sub-000045.png_IS.csv,60.11586878618028
Angio Retina_OD-Deep_sub-000045.png_innerCircle.csv,40.33828939301042
Angio Retina_OD-Deep_sub-000045.png_IN.csv,77.73714016045304
Angio Retina_OS-Superficial_sub-000100.png_IT.csv,69.66701417848206
Angio Retina_OD-Superficial_sub-000100.png_IT.csv,71.54422903203391
Angio Retina_OD-Deep_sub-000100.png_innerCircle.csv,32.993034825870645
Angio Retina_OD-Deep_sub-000100.png_IT.csv,87.92307692307692
Angio Retina_OS-Superficial_sub-000100.png_innerCircle.csv,8.337404214559387
Angio Retina_OS-Superficial_sub-000100.png_IN.csv,74.61351952202307
Angio Retina_OD-Deep_sub-000100.png_IS.csv,86.9913509376196
Angio Retina_OS-Deep_sub-000100.png_innerCircle.csv,33.06206467661691
Angio Retina_OS-Deep_sub-000100.png_IS.csv,90.11322013791057
Angio Retina_OS-Deep_sub-000100.png_II.csv,87.99748315937524
Angio Retina_OS-Deep_sub-000100.png_IN.csv,85.00414538455844
Angio Retina_OD-Deep_sub-000100.png_IN.csv,83.20258291303684
Angio Retina_OS-Superficial_sub-000100.png_IS.csv,74.53419516263553
Angio Retina_OS-Deep_sub-000100.png_IT.csv,83.65603914880997
Angio Retina_OD-Superficial_sub-000100.png_innerCircle.csv,6.184147509578544
Angio Retina_OD-Superficial_sub-000100.png_II.csv,74.66629495400056
Angio Retina_OD-Superficial_sub-000100.png_IN.csv,68.67375243936438
Angio Retina_OD-Superficial_sub-000100.png_IS.csv,71.89410047946633
Angio Retina_OS-Superficial_sub-000100.png_II.csv,80.57002917882451
Angio Retina_OD-Deep_sub-000100.png_II.csv,89.12005196393092
Angio Retina_OD-Deep_sub-000065.png_IT.csv,0.0
Angio Retina_OS-Superficial_sub-000065.png_innerCircle.csv,17.687429696287964
Angio Retina_OS-Superficial_sub-000065.png_II.csv,53.62970774329617
Angio Retina_OS-Superficial_sub-000065.png_IN.csv,55.516621472331025
Angio Retina_OD-Superficial_sub-000065.png_II.csv,44.61832061068702
Angio Retina_OD-Deep_sub-000065.png_IN.csv,70.9764582788386
Angio Retina_OD-Superficial_sub-000065.png_innerCircle.csv,23.23720930232558
Angio Retina_OS-Deep_sub-000065.png_IT.csv,79.51730620369347
Angio Retina_OD-Superficial_sub-000065.png_IN.csv,50.73879847297569
Angio Retina_OS-Superficial_sub-000065.png_IT.csv,59.06448382897767
Angio Retina_OS-Deep_sub-000065.png_IN.csv,70.38885818503371
Angio Retina_OS-Superficial_sub-000065.png_IS.csv,56.91208571142485
Angio Retina_OS-Deep_sub-000065.png_IS.csv,68.95101183235651
Angio Retina_OS-Deep_sub-000065.png_II.csv,66.42533436498287
Angio Retina_OS-Deep_sub-000065.png_innerCircle.csv,39.38216279753159
Angio Retina_OD-Deep_sub-000065.png_II.csv,55.24886672710789
Angio Retina_OD-Deep_sub-000065.png_innerCircle.csv,31.52110022607385
Angio Retina_OD-Superficial_sub-000065.png_IS.csv,53.80952380952381
Angio Retina_OD-Deep_sub-000065.png_IS.csv,58.2929061784897
Angio Retina_OD-Superficial_sub-000065.png_IT.csv,162.77701474449606
Angio Retina_OD-Deep_sub-000104.png_IS.csv,79.4319254508048
Angio Retina_OS-Deep_sub-000104.png_IN.csv,76.83844811659652
Angio Retina_OS-Deep_sub-000104.png_IS.csv,76.79854119580851
Angio Retina_OS-Superficial_sub-000104.png_innerCircle.csv,9.174123989218328
Angio Retina_OD-Deep_sub-000104.png_IN.csv,75.66428657872443
Angio Retina_OS-Superficial_sub-000104.png_IN.csv,55.61964203763194
Angio Retina_OD-Superficial_sub-000104.png_II.csv,61.84958037443512
Angio Retina_OS-Deep_sub-000104.png_IT.csv,72.56862543661393
Angio Retina_OD-Deep_sub-000104.png_IT.csv,77.45225704949776
Angio Retina_OD-Superficial_sub-000104.png_IS.csv,59.75044737270213
Angio Retina_OS-Deep_sub-000104.png_innerCircle.csv,33.923228346456696
Angio Retina_OD-Deep_sub-000104.png_II.csv,80.58138690548228
Angio Retina_OD-Superficial_sub-000104.png_IN.csv,54.821981923821824
Angio Retina_OD-Superficial_sub-000104.png_IT.csv,62.13901089962583
Angio Retina_OD-Superficial_sub-000104.png_innerCircle.csv,11.973691031622602
Angio Retina_OS-Superficial_sub-000104.png_II.csv,58.607893529141805
Angio Retina_OS-Deep_sub-000104.png_II.csv,77.408395771323
Angio Retina_OD-Deep_sub-000104.png_innerCircle.csv,35.155272838749234
Angio Retina_OS-Superficial_sub-000104.png_IT.csv,51.96976936506478
Angio Retina_OS-Superficial_sub-000104.png_IS.csv,57.73922631627309
Angio Retina_OS-Superficial_sub-000111.png_II.csv,77.94575493345572
Angio Retina_OS-Superficial_sub-000111.png_innerCircle.csv,19.98787061994609
Angio Retina_OD-Deep_sub-000111.png_IT.csv,92.65502878843563
Angio Retina_OD-Deep_sub-000111.png_IS.csv,94.3740046551513
Angio Retina_OD-Superficial_sub-000111.png_IN.csv,68.61707205139973
Angio Retina_OD-Deep_sub-000111.png_II.csv,91.67641996557659
Angio Retina_OD-Deep_sub-000111.png_IN.csv,89.76149495942956
Angio Retina_OS-Deep_sub-000111.png_II.csv,95.63639444256184
Angio Retina_OD-Deep_sub-000111.png_innerCircle.csv,49.23252605763335
Angio Retina_OD-Superficial_sub-000111.png_II.csv,75.14520422212024
Angio Retina_OD-Superficial_sub-000111.png_IS.csv,74.62464394009005
Angio Retina_OS-Deep_sub-000111.png_innerCircle.csv,49.253158977372905
Angio Retina_OS-Superficial_sub-000111.png_IS.csv,76.20040430028484
Angio Retina_OS-Deep_sub-000111.png_IT.csv,90.43697669155918
Angio Retina_OS-Deep_sub-000111.png_IS.csv,88.51154107264087
Angio Retina_OD-Superficial_sub-000111.png_innerCircle.csv,21.114285714285714
Angio Retina_OD-Superficial_sub-000111.png_IT.csv,69.70807681705412
Angio Retina_OS-Superficial_sub-000111.png_IT.csv,73.58853257373886
Angio Retina_OS-Superficial_sub-000111.png_IN.csv,74.77980725103258
Angio Retina_OS-Deep_sub-000111.png_IN.csv,92.66655371060658
Angio Retina_OD-Superficial_sub-000064.png_II.csv,44.746397430013765
Angio Retina_OD-Deep_sub-000064.png_IN.csv,43.98219366681964
Angio Retina_OD-Superficial_sub-000064.png_IN.csv,30.430105553005966
Angio Retina_OD-Deep_sub-000064.png_IS.csv,62.753376826242764
Angio Retina_OS-Deep_sub-000064.png_innerCircle.csv,27.084501347708894
Angio Retina_OD-Superficial_sub-000064.png_IT.csv,46.82605899108702
Angio Retina_OD-Deep_sub-000064.png_IT.csv,60.681154093540385
Angio Retina_OD-Superficial_sub-000064.png_innerCircle.csv,8.763072776280323
Angio Retina_OS-Superficial_sub-000064.png_IN.csv,54.03671408903167
Angio Retina_OS-Deep_sub-000064.png_II.csv,57.14511243689766
Angio Retina_OD-Deep_sub-000064.png_innerCircle.csv,26.939353099730457
Angio Retina_OS-Deep_sub-000064.png_IT.csv,61.5403840852706
Angio Retina_OS-Deep_sub-000064.png_IS.csv,62.3560599099513
Angio Retina_OD-Deep_sub-000064.png_II.csv,55.87893529141808
Angio Retina_OS-Deep_sub-000064.png_IN.csv,64.58815970628729
Angio Retina_OS-Superficial_sub-000064.png_II.csv,54.756402019274894
Angio Retina_OS-Superficial_sub-000064.png_IS.csv,50.46779380685473
Angio Retina_OS-Superficial_sub-000064.png_innerCircle.csv,10.006469002695418
Angio Retina_OD-Superficial_sub-000064.png_IS.csv,51.92198842231002
Angio Retina_OS-Superficial_sub-000064.png_IT.csv,48.57456583662593
Angio Retina_OD-Superficial_sub-000093.png_IT.csv,41.87222746578575
Angio Retina_OD-Deep_sub-000093.png_IN.csv,54.25377987319135
Angio Retina_OS-Deep_sub-000093.png_innerCircle.csv,33.39415322580645
Angio Retina_OD-Superficial_sub-000093.png_IS.csv,44.23206701274186
Angio Retina_OS-Deep_sub-000093.png_IS.csv,56.52392752052037
Angio Retina_OD-Superficial_sub-000093.png_II.csv,47.93093270365998
Angio Retina_OS-Deep_sub-000093.png_II.csv,60.372615909443326
Angio Retina_OS-Superficial_sub-000093.png_innerCircle.csv,15.247547516860822
Angio Retina_OD-Deep_sub-000093.png_II.csv,62.69826044545602
Angio Retina_OS-Superficial_sub-000093.png_IN.csv,52.2285573851069
Angio Retina_OD-Deep_sub-000093.png_innerCircle.csv,29.766537649542574
Angio Retina_OS-Superficial_sub-000093.png_IS.csv,51.682815581854044
Angio Retina_OS-Superficial_sub-000093.png_II.csv,48.2597689850086
Angio Retina_OD-Deep_sub-000093.png_IT.csv,63.356933115823814
Angio Retina_OD-Superficial_sub-000093.png_IN.csv,42.94887839433294
Angio Retina_OS-Deep_sub-000093.png_IN.csv,65.83547836873935
Angio Retina_OS-Superficial_sub-000093.png_IT.csv,48.78562623274162
Angio Retina_OD-Deep_sub-000093.png_IS.csv,64.48042414355628
Angio Retina_OS-Deep_sub-000093.png_IT.csv,60.412110887409014
Angio Retina_OD-Superficial_sub-000093.png_innerCircle.csv,9.738657265481299
Angio Retina_OD-Superficial_sub-000044.png_II.csv,59.59980269648142
Angio Retina_OD-Superficial_sub-000044.png_IS.csv,55.84765539803708
Angio Retina_OS-Deep_sub-000044.png_IT.csv,71.47771754111918
Angio Retina_OD-Superficial_sub-000044.png_IN.csv,51.40436260002192
Angio Retina_OS-Superficial_sub-000044.png_IN.csv,61.50674621385957
Angio Retina_OS-Superficial_sub-000044.png_II.csv,64.00146856356126
Angio Retina_OS-Deep_sub-000044.png_II.csv,72.96089949518128
Angio Retina_OS-Deep_sub-000044.png_IN.csv,72.17962368058743
Angio Retina_OS-Deep_sub-000044.png_IS.csv,71.92125333088303
Angio Retina_OD-Deep_sub-000044.png_IS.csv,68.80732971953806
Angio Retina_OS-Superficial_sub-000044.png_IS.csv,58.67021960856381
Angio Retina_OS-Superficial_sub-000044.png_IT.csv,57.49572728108058
Angio Retina_OS-Deep_sub-000044.png_innerCircle.csv,41.824528301886794
Angio Retina_OD-Deep_sub-000044.png_II.csv,75.64607797087835
Angio Retina_OD-Deep_sub-000044.png_innerCircle.csv,39.837982832618025
Angio Retina_OD-Superficial_sub-000044.png_innerCircle.csv,14.665148398471937
Angio Retina_OD-Deep_sub-000044.png_IN.csv,69.53182245185533
Angio Retina_OS-Superficial_sub-000044.png_innerCircle.csv,14.417250673854447
Angio Retina_OD-Superficial_sub-000044.png_IT.csv,49.30676117775354
Angio Retina_OD-Deep_sub-000044.png_IT.csv,69.29849163327835
Angio Retina_OS-Deep_sub-000097.png_IN.csv,85.94235557768924
Angio Retina_OS-Superficial_sub-000097.png_IN.csv,68.13646943525664
Angio Retina_OS-Deep_sub-000097.png_II.csv,81.96439243027888
Angio Retina_OD-Superficial_sub-000097.png_IN.csv,60.5632397925256
Angio Retina_OS-Superficial_sub-000097.png_II.csv,68.23533014822982
Angio Retina_OD-Superficial_sub-000097.png_II.csv,68.4584386221572
Angio Retina_OS-Deep_sub-000097.png_IT.csv,83.57469266112008
Angio Retina_OS-Deep_sub-000097.png_innerCircle.csv,56.323574494175354
Angio Retina_OD-Deep_sub-000097.png_IN.csv,83.61862416107383
Angio Retina_OD-Deep_sub-000097.png_IS.csv,87.29347460477632
Angio Retina_OS-Superficial_sub-000097.png_IS.csv,66.1975263286799
Angio Retina_OD-Superficial_sub-000097.png_innerCircle.csv,22.511874197689345
Angio Retina_OD-Deep_sub-000097.png_innerCircle.csv,56.15429275158339
Angio Retina_OS-Superficial_sub-000097.png_innerCircle.csv,27.063304721030043
Angio Retina_OD-Deep_sub-000097.png_II.csv,94.83607382550336
Angio Retina_OS-Deep_sub-000097.png_IS.csv,83.72519557928722
Angio Retina_OD-Deep_sub-000097.png_IT.csv,91.31365623948874
Angio Retina_OS-Superficial_sub-000097.png_IT.csv,67.76218466813617
Angio Retina_OD-Superficial_sub-000097.png_IT.csv,69.54277755670513
Angio Retina_OD-Superficial_sub-000097.png_IS.csv,69.90887385594907
Angio Retina_OS-Deep_sub-000038.png_IS.csv,88.80348964013086
Angio Retina_OD-Superficial_sub-000038.png_innerCircle.csv,13.726954177897575
Angio Retina_OS-Superficial_sub-000038.png_II.csv,65.82027325698212
Angio Retina_OS-Deep_sub-000038.png_IT.csv,88.27142857142857
Angio Retina_OD-Deep_sub-000038.png_IN.csv,81.02824184566428
Angio Retina_OS-Superficial_sub-000038.png_innerCircle.csv,12.22665916760405
Angio Retina_OS-Superficial_sub-000038.png_IN.csv,63.2349809121961
Angio Retina_OD-Superficial_sub-000038.png_IN.csv,65.95098669114273
Angio Retina_OD-Deep_sub-000038.png_II.csv,84.43450013259083
Angio Retina_OS-Superficial_sub-000038.png_IT.csv,65.8698058154744
Angio Retina_OS-Deep_sub-000038.png_IN.csv,86.81102707442727
Angio Retina_OD-Deep_sub-000038.png_IS.csv,78.34749137244492
Angio Retina_OS-Deep_sub-000038.png_II.csv,91.70842924476598
Angio Retina_OD-Superficial_sub-000038.png_IT.csv,73.8387393182027
Angio Retina_OS-Deep_sub-000038.png_innerCircle.csv,49.72920952101087
Angio Retina_OS-Superficial_sub-000038.png_IS.csv,71.63135124257974
Angio Retina_OD-Deep_sub-000038.png_IT.csv,86.7608176267587
Angio Retina_OD-Superficial_sub-000038.png_II.csv,71.06406608536025
Angio Retina_OD-Superficial_sub-000038.png_IS.csv,73.69971515207205
Angio Retina_OD-Deep_sub-000038.png_innerCircle.csv,47.25176508344031
Angio Retina_OS-Superficial_sub-000110.png_IT.csv,59.14224019112377
Angio Retina_OD-Deep_sub-000110.png_II.csv,85.1975890410959
Angio Retina_OS-Deep_sub-000110.png_IN.csv,78.01246290801187
Angio Retina_OS-Deep_sub-000110.png_IT.csv,76.27627520759194
Angio Retina_OS-Deep_sub-000110.png_IS.csv,84.26524317912218
Angio Retina_OD-Superficial_sub-000110.png_II.csv,67.46525414425294
Angio Retina_OD-Superficial_sub-000110.png_IS.csv,69.74184693093225
Angio Retina_OD-Deep_sub-000110.png_IT.csv,83.50665502945668
Angio Retina_OS-Deep_sub-000110.png_II.csv,80.55916913946588
Angio Retina_OD-Deep_sub-000110.png_innerCircle.csv,42.24243314722304
Angio Retina_OD-Deep_sub-000110.png_IS.csv,84.94577787475453
Angio Retina_OS-Superficial_sub-000110.png_IS.csv,66.73426444914087
Angio Retina_OS-Superficial_sub-000110.png_innerCircle.csv,18.0633423180593
Angio Retina_OD-Superficial_sub-000110.png_IN.csv,63.102096827313645
Angio Retina_OS-Superficial_sub-000110.png_IN.csv,66.52748967416245
Angio Retina_OS-Deep_sub-000110.png_innerCircle.csv,41.54046597179644
Angio Retina_OS-Superficial_sub-000110.png_II.csv,68.96264341441028
Angio Retina_OD-Superficial_sub-000110.png_innerCircle.csv,16.20041140170438
Angio Retina_OD-Deep_sub-000110.png_IN.csv,84.64964383561644
Angio Retina_OD-Superficial_sub-000110.png_IT.csv,66.96112880202043
Angio Retina_OD-Deep_sub-000091.png_II.csv,82.07309184993532
Angio Retina_OS-Deep_sub-000091.png_IT.csv,73.7552071144395
Angio Retina_OS-Deep_sub-000091.png_II.csv,81.21408582089552
Angio Retina_OS-Superficial_sub-000091.png_innerCircle.csv,21.48565891472868
Angio Retina_OS-Deep_sub-000091.png_innerCircle.csv,65.06352124183006
Angio Retina_OS-Superficial_sub-000091.png_IN.csv,54.226278877887786
Angio Retina_OS-Superficial_sub-000091.png_II.csv,31.111592409240924
Angio Retina_OD-Superficial_sub-000091.png_IS.csv,66.98055207026349
Angio Retina_OD-Superficial_sub-000091.png_IN.csv,63.84047420965058
Angio Retina_OD-Superficial_sub-000091.png_IT.csv,67.8155583437892
Angio Retina_OD-Superficial_sub-000091.png_II.csv,68.99625623960067
Angio Retina_OD-Deep_sub-000091.png_IN.csv,73.98684777921518
Angio Retina_OS-Superficial_sub-000091.png_IS.csv,38.42956878850103
Angio Retina_OD-Deep_sub-000091.png_innerCircle.csv,52.582945736434105
Angio Retina_OS-Deep_sub-000091.png_IS.csv,79.06482564942664
Angio Retina_OD-Deep_sub-000091.png_IT.csv,78.77046720960138
Angio Retina_OD-Deep_sub-000091.png_IS.csv,77.78932704672096
Angio Retina_OS-Deep_sub-000091.png_IN.csv,87.30876865671642
Angio Retina_OD-Superficial_sub-000091.png_innerCircle.csv,36.13546511627907
Angio Retina_OS-Superficial_sub-000091.png_IT.csv,28.545995893223818
Angio Retina_OS-Superficial_sub-000009.png_IN.csv,60.7123451124369
Angio Retina_OD-Superficial_sub-000009.png_IT.csv,58.11283653404392
Angio Retina_OD-Deep_sub-000009.png_IN.csv,79.64121156493805
Angio Retina_OD-Superficial_sub-000009.png_innerCircle.csv,11.519407008086253
Angio Retina_OD-Superficial_sub-000009.png_IN.csv,59.31087654887563
Angio Retina_OS-Superficial_sub-000009.png_IT.csv,61.08683267481393
Angio Retina_OS-Superficial_sub-000009.png_II.csv,62.33070215695273
Angio Retina_OS-Deep_sub-000009.png_IS.csv,88.17614628319397
Angio Retina_OS-Deep_sub-000009.png_innerCircle.csv,36.28288409703504
Angio Retina_OD-Deep_sub-000009.png_IT.csv,79.93586327299458
Angio Retina_OD-Deep_sub-000009.png_innerCircle.csv,34.3277628032345
Angio Retina_OS-Deep_sub-000009.png_IN.csv,85.14180816888481
Angio Retina_OD-Deep_sub-000009.png_IS.csv,80.3993384177157
Angio Retina_OS-Superficial_sub-000009.png_IS.csv,67.12165763116788
Angio Retina_OS-Deep_sub-000009.png_II.csv,88.54079853143644
Angio Retina_OS-Deep_sub-000009.png_IT.csv,88.70081778921254
Angio Retina_OS-Superficial_sub-000009.png_innerCircle.csv,12.6366576819407
Angio Retina_OD-Superficial_sub-000009.png_IS.csv,63.94496002940366
Angio Retina_OD-Deep_sub-000009.png_II.csv,80.12427719137219
Angio Retina_OD-Superficial_sub-000009.png_II.csv,62.05635612666361
Angio Retina_OD-Superficial_sub-000098.png_IN.csv,60.29441624365482
Angio Retina_OD-Superficial_sub-000098.png_IT.csv,63.79094217549535
Angio Retina_OS-Superficial_sub-000098.png_innerCircle.csv,16.222009991184247
Angio Retina_OD-Deep_sub-000098.png_II.csv,75.11434038990551
Angio Retina_OD-Deep_sub-000098.png_IS.csv,78.08346268656716
Angio Retina_OD-Superficial_sub-000098.png_IS.csv,66.39243833400728
Angio Retina_OD-Superficial_sub-000098.png_innerCircle.csv,14.074943757030372
Angio Retina_OS-Superficial_sub-000098.png_II.csv,68.21623397962537
Angio Retina_OS-Superficial_sub-000098.png_IN.csv,68.30945339029466
Angio Retina_OS-Deep_sub-000098.png_innerCircle.csv,40.57863274064991
Angio Retina_OS-Deep_sub-000098.png_II.csv,79.20049388523049
Angio Retina_OD-Deep_sub-000098.png_innerCircle.csv,39.62078479460454
Angio Retina_OS-Superficial_sub-000098.png_IS.csv,66.54218050856706
Angio Retina_OS-Superficial_sub-000098.png_IT.csv,64.92743343518114
Angio Retina_OS-Deep_sub-000098.png_IT.csv,78.90728086710651
Angio Retina_OS-Deep_sub-000098.png_IS.csv,78.55690386427898
Angio Retina_OD-Deep_sub-000098.png_IN.csv,68.63987561296496
Angio Retina_OD-Superficial_sub-000098.png_II.csv,64.85888324873096
Angio Retina_OS-Deep_sub-000098.png_IN.csv,82.48624176857949
Angio Retina_OD-Deep_sub-000098.png_IT.csv,76.62173134328359
Angio Retina_OD-Deep_sub-000006.png_II.csv,82.60334229734922
Angio Retina_OD-Superficial_sub-000006.png_IT.csv,69.75539832766701
Angio Retina_OS-Superficial_sub-000006.png_II.csv,65.25865075722808
Angio Retina_OD-Deep_sub-000006.png_IN.csv,85.23376872839032
Angio Retina_OS-Superficial_sub-000006.png_IS.csv,66.53128732886152
Angio Retina_OS-Deep_sub-000006.png_IS.csv,84.17971646673936
Angio Retina_OD-Superficial_sub-000006.png_IS.csv,70.54093540384085
Angio Retina_OD-Superficial_sub-000006.png_innerCircle.csv,18.452830188679247
Angio Retina_OS-Superficial_sub-000006.png_IN.csv,66.21597062872877
Angio Retina_OS-Deep_sub-000006.png_IN.csv,84.34451386605284
Angio Retina_OD-Deep_sub-000006.png_IS.csv,87.13362772391284
Angio Retina_OD-Superficial_sub-000006.png_II.csv,69.82340523175769
Angio Retina_OD-Superficial_sub-000006.png_IN.csv,66.3757687012391
Angio Retina_OS-Superficial_sub-000006.png_IT.csv,65.4238720940917
Angio Retina_OD-Deep_sub-000006.png_IT.csv,84.2034174906403
Angio Retina_OS-Deep_sub-000006.png_innerCircle.csv,46.50631795474581
Angio Retina_OS-Superficial_sub-000006.png_innerCircle.csv,17.550808625336927
Angio Retina_OD-Deep_sub-000006.png_innerCircle.csv,47.059164420485175
Angio Retina_OS-Deep_sub-000006.png_IT.csv,84.55376226826608
Angio Retina_OS-Deep_sub-000006.png_II.csv,85.48635317329826
Angio Retina_OD-Superficial_sub-000003.png_II.csv,72.69892086330935
Angio Retina_OS-Superficial_sub-000003.png_IN.csv,41.80972329401389
Angio Retina_OD-Superficial_sub-000003.png_innerCircle.csv,25.992489270386265
Angio Retina_OS-Deep_sub-000003.png_IN.csv,53.804024851431656
Angio Retina_OD-Deep_sub-000003.png_IN.csv,85.72296328960424
Angio Retina_OD-Superficial_sub-000003.png_IT.csv,72.76110315186246
Angio Retina_OD-Superficial_sub-000003.png_IN.csv,69.3552757793765
Angio Retina_OS-Deep_sub-000003.png_II.csv,58.7907887628309
Angio Retina_OD-Deep_sub-000003.png_II.csv,86.87597839267997
Angio Retina_OD-Deep_sub-000003.png_IT.csv,85.63061381355001
Angio Retina_OS-Superficial_sub-000003.png_IS.csv,47.051389041396725
Angio Retina_OS-Superficial_sub-000003.png_IT.csv,35.38783353464368
Angio Retina_OD-Deep_sub-000003.png_IS.csv,87.50796090919073
Angio Retina_OS-Deep_sub-000003.png_innerCircle.csv,25.45860077021823
Angio Retina_OS-Superficial_sub-000003.png_innerCircle.csv,10.920070526006464
Angio Retina_OD-Superficial_sub-000003.png_IS.csv,76.9055635148042
Angio Retina_OS-Deep_sub-000003.png_IT.csv,53.26784021665538
Angio Retina_OD-Deep_sub-000003.png_innerCircle.csv,52.57067293564502
Angio Retina_OS-Superficial_sub-000003.png_II.csv,43.80718774115312
Angio Retina_OS-Deep_sub-000003.png_IS.csv,57.38659444820582
Angio Retina_OD-Superficial_sub-000088.png_innerCircle.csv,15.762533692722371
Angio Retina_OD-Deep_sub-000088.png_IN.csv,85.29930272332588
Angio Retina_OD-Deep_sub-000088.png_innerCircle.csv,42.3806161745828
Angio Retina_OS-Deep_sub-000088.png_IN.csv,90.82168817682836
Angio Retina_OS-Superficial_sub-000088.png_innerCircle.csv,13.337879640044994
Angio Retina_OS-Deep_sub-000088.png_IT.csv,83.61544161232958
Angio Retina_OD-Deep_sub-000088.png_IT.csv,84.5631183221211
Angio Retina_OD-Superficial_sub-000088.png_IN.csv,61.71069297843047
Angio Retina_OD-Superficial_sub-000088.png_II.csv,66.4215695273061
Angio Retina_OD-Deep_sub-000088.png_II.csv,80.15511116958295
Angio Retina_OD-Superficial_sub-000088.png_IT.csv,63.85950565101535
Angio Retina_OS-Superficial_sub-000088.png_II.csv,63.025940337224384
Angio Retina_OS-Superficial_sub-000088.png_IT.csv,59.73427547770701
Angio Retina_OS-Deep_sub-000088.png_IS.csv,79.30898043864849
Angio Retina_OD-Superficial_sub-000088.png_IS.csv,63.43462280621152
Angio Retina_OS-Superficial_sub-000088.png_IS.csv,63.16311703821656
Angio Retina_OS-Deep_sub-000088.png_II.csv,85.16214211541315
Angio Retina_OD-Deep_sub-000088.png_IS.csv,84.43450732093392
Angio Retina_OS-Deep_sub-000088.png_innerCircle.csv,39.594086021505376
Angio Retina_OS-Superficial_sub-000088.png_IN.csv,60.88187169510127
Angio Retina_OD-Superficial_sub-000002.png_IS.csv,70.06165579343931
Angio Retina_OD-Deep_sub-000002.png_IS.csv,87.05467242488284
Angio Retina_OS-Deep_sub-000002.png_IT.csv,87.22181383809611
Angio Retina_OS-Deep_sub-000002.png_IS.csv,88.09510245336764
Angio Retina_OD-Superficial_sub-000002.png_IN.csv,63.61202386415787
Angio Retina_OS-Superficial_sub-000002.png_IS.csv,74.30634935220068
Angio Retina_OS-Deep_sub-000002.png_IN.csv,84.55300596603946
Angio Retina_OS-Superficial_sub-000002.png_innerCircle.csv,21.948382749326147
Angio Retina_OD-Superficial_sub-000002.png_IT.csv,65.59358632729946
Angio Retina_OD-Superficial_sub-000002.png_II.csv,70.222028453419
Angio Retina_OD-Superficial_sub-000002.png_innerCircle.csv,24.029514824797843
Angio Retina_OS-Deep_sub-000002.png_II.csv,88.37558513079394
Angio Retina_OD-Deep_sub-000002.png_IT.csv,83.03537627492419
Angio Retina_OS-Superficial_sub-000002.png_IN.csv,66.72455254703992
Angio Retina_OS-Superficial_sub-000002.png_II.csv,73.39825608077099
Angio Retina_OS-Superficial_sub-000002.png_IT.csv,65.50592667463016
Angio Retina_OD-Deep_sub-000002.png_II.csv,88.25360256998623
Angio Retina_OS-Deep_sub-000002.png_innerCircle.csv,53.37196765498652
Angio Retina_OD-Deep_sub-000002.png_innerCircle.csv,54.36078167115903
Angio Retina_OD-Deep_sub-000002.png_IN.csv,85.82680128499311
Angio Retina_OD-Deep_sub-000105.png_IT.csv,78.42405586694845
Angio Retina_OS-Superficial_sub-000105.png_innerCircle.csv,9.29992816091954
Angio Retina_OD-Deep_sub-000105.png_IN.csv,74.37833868747131
Angio Retina_OS-Deep_sub-000105.png_IN.csv,82.12960073428178
Angio Retina_OS-Superficial_sub-000105.png_II.csv,65.0253120179498
Angio Retina_OS-Deep_sub-000105.png_IS.csv,82.35348708995681
Angio Retina_OS-Deep_sub-000105.png_innerCircle.csv,36.70646900269542
Angio Retina_OD-Deep_sub-000105.png_innerCircle.csv,38.24757412398922
Angio Retina_OS-Superficial_sub-000105.png_IN.csv,67.15762165194222
Angio Retina_OD-Deep_sub-000105.png_IS.csv,79.39685748414959
Angio Retina_OD-Deep_sub-000105.png_II.csv,79.92712253327214
Angio Retina_OD-Superficial_sub-000105.png_IS.csv,61.35176833610254
Angio Retina_OS-Superficial_sub-000105.png_IS.csv,68.1879868079433
Angio Retina_OD-Superficial_sub-000105.png_IT.csv,63.753065907112905
Angio Retina_OD-Superficial_sub-000105.png_innerCircle.csv,6.972885572139304
Angio Retina_OS-Superficial_sub-000105.png_IT.csv,62.93544312679812
Angio Retina_OD-Superficial_sub-000105.png_IN.csv,60.7047069973148
Angio Retina_OD-Superficial_sub-000105.png_II.csv,65.59627231085136
Angio Retina_OS-Deep_sub-000105.png_IT.csv,83.05072130846274
Angio Retina_OS-Deep_sub-000105.png_II.csv,83.64240477283157
Angio Retina_OS-Deep_sub-000106.png_IS.csv,79.91261600661582
Angio Retina_OD-Deep_sub-000106.png_innerCircle.csv,39.058086253369275
Angio Retina_OS-Deep_sub-000106.png_IT.csv,81.91408618946981
Angio Retina_OD-Superficial_sub-000106.png_IT.csv,62.3322613250023
Angio Retina_OS-Superficial_sub-000106.png_IT.csv,59.88063952954149
Angio Retina_OD-Deep_sub-000106.png_IS.csv,81.06753652485529
Angio Retina_OS-Deep_sub-000106.png_innerCircle.csv,37.704582210242584
Angio Retina_OS-Deep_sub-000106.png_IN.csv,77.69343735658559
Angio Retina_OS-Superficial_sub-000106.png_II.csv,66.02120238641578
Angio Retina_OS-Superficial_sub-000106.png_IS.csv,55.903978682348615
Angio Retina_OD-Superficial_sub-000106.png_IS.csv,63.9411926858403
Angio Retina_OD-Deep_sub-000106.png_IT.csv,82.91178902876045
Angio Retina_OD-Superficial_sub-000106.png_IN.csv,53.29619091326296
Angio Retina_OD-Deep_sub-000106.png_II.csv,82.29903625516292
Angio Retina_OS-Superficial_sub-000106.png_IN.csv,62.956585589720056
Angio Retina_OD-Superficial_sub-000106.png_innerCircle.csv,9.72088948787062
Angio Retina_OS-Deep_sub-000106.png_II.csv,78.91730151445617
Angio Retina_OD-Deep_sub-000106.png_IN.csv,84.10472693896283
Angio Retina_OS-Superficial_sub-000106.png_innerCircle.csv,11.776819407008086
Angio Retina_OD-Superficial_sub-000106.png_II.csv,63.38926112895824
Angio Retina_OD-Deep_sub-000103.png_IS.csv,76.84510913500404
Angio Retina_OS-Deep_sub-000103.png_II.csv,76.74281780633318
Angio Retina_OS-Superficial_sub-000103.png_II.csv,68.09086737035338
Angio Retina_OD-Superficial_sub-000103.png_innerCircle.csv,12.084905660377359
Angio Retina_OD-Deep_sub-000103.png_II.csv,79.17141469731304
Angio Retina_OD-Deep_sub-000103.png_IT.csv,77.7250606305578
Angio Retina_OD-Superficial_sub-000103.png_IN.csv,55.39155575952272
Angio Retina_OS-Superficial_sub-000103.png_innerCircle.csv,11.79811320754717
Angio Retina_OS-Superficial_sub-000103.png_IN.csv,61.91463974300137
Angio Retina_OS-Deep_sub-000103.png_IT.csv,74.53974088027198
Angio Retina_OS-Superficial_sub-000103.png_IT.csv,57.808784342552606
Angio Retina_OS-Deep_sub-000103.png_IS.csv,74.88367178167785
Angio Retina_OS-Deep_sub-000103.png_innerCircle.csv,35.36388140161725
Angio Retina_OS-Deep_sub-000103.png_IN.csv,75.93464892152363
Angio Retina_OD-Deep_sub-000103.png_innerCircle.csv,36.3066355624676
Angio Retina_OD-Deep_sub-000103.png_IN.csv,78.06717384266753
Angio Retina_OD-Superficial_sub-000103.png_II.csv,65.66893070215696
Angio Retina_OD-Superficial_sub-000103.png_IS.csv,68.57153358448957
Angio Retina_OS-Superficial_sub-000103.png_IS.csv,65.3401635578425
Angio Retina_OD-Superficial_sub-000103.png_IT.csv,61.379766608471925
Angio Retina_OD-Deep_sub-000086.png_IN.csv,56.61241312429287
Angio Retina_OS-Superficial_sub-000086.png_IN.csv,48.67248960190137
Angio Retina_OS-Superficial_sub-000086.png_innerCircle.csv,14.49662783568363
Angio Retina_OD-Deep_sub-000086.png_II.csv,58.31501535477614
Angio Retina_OD-Deep_sub-000086.png_IS.csv,53.6629159299148
Angio Retina_OS-Superficial_sub-000086.png_II.csv,54.15436720142603
Angio Retina_OS-Deep_sub-000086.png_IS.csv,61.29109725354916
Angio Retina_OS-Deep_sub-000086.png_IT.csv,57.60952633673875
Angio Retina_OS-Superficial_sub-000086.png_IT.csv,51.748456790123456
Angio Retina_OS-Deep_sub-000086.png_innerCircle.csv,33.67634788189987
Angio Retina_OD-Deep_sub-000086.png_IT.csv,61.22215077961742
Angio Retina_OD-Superficial_sub-000086.png_IS.csv,50.672068355922214
Angio Retina_OD-Superficial_sub-000086.png_IT.csv,52.47495580436064
Angio Retina_OS-Superficial_sub-000086.png_IS.csv,50.88924501424501
Angio Retina_OS-Deep_sub-000086.png_IN.csv,60.414666489855456
Angio Retina_OD-Superficial_sub-000086.png_IN.csv,46.180282104025856
Angio Retina_OD-Superficial_sub-000086.png_II.csv,50.44681163679107
Angio Retina_OD-Superficial_sub-000086.png_innerCircle.csv,15.17103494623656
Angio Retina_OD-Deep_sub-000086.png_innerCircle.csv,32.02762139338494
Angio Retina_OS-Deep_sub-000086.png_II.csv,57.5525792335234
Angio Retina_OS-Deep_sub-000007.png_II.csv,95.01319556828084
Angio Retina_OS-Superficial_sub-000007.png_IT.csv,61.92612331158688
Angio Retina_OS-Superficial_sub-000007.png_innerCircle.csv,15.732075471698113
Angio Retina_OD-Superficial_sub-000007.png_IT.csv,65.55160662122688
Angio Retina_OS-Deep_sub-000007.png_IT.csv,82.00546380230969
Angio Retina_OD-Deep_sub-000007.png_IT.csv,90.21408587763045
Angio Retina_OD-Deep_sub-000007.png_IS.csv,87.8743461865953
Angio Retina_OD-Superficial_sub-000007.png_II.csv,67.2554797856795
Angio Retina_OS-Superficial_sub-000007.png_IN.csv,68.9515374024782
Angio Retina_OS-Superficial_sub-000007.png_II.csv,73.22019274896742
Angio Retina_OD-Deep_sub-000007.png_IN.csv,84.24542035666626
Angio Retina_OD-Deep_sub-000007.png_II.csv,87.53402887298314
Angio Retina_OD-Superficial_sub-000007.png_IS.csv,73.11197663096397
Angio Retina_OD-Superficial_sub-000007.png_innerCircle.csv,15.156192519926426
Angio Retina_OS-Deep_sub-000007.png_IN.csv,88.35578239760986
Angio Retina_OS-Deep_sub-000007.png_innerCircle.csv,44.454015941140405
Angio Retina_OD-Superficial_sub-000007.png_IN.csv,59.103628835849975
Angio Retina_OS-Superficial_sub-000007.png_IS.csv,74.89194156023156
Angio Retina_OS-Deep_sub-000007.png_IS.csv,84.31851483919037
Angio Retina_OD-Deep_sub-000007.png_innerCircle.csv,48.181023911710604
Angio Retina_OS-Superficial_sub-000046.png_II.csv,70.36353931917922
Angio Retina_OS-Deep_sub-000046.png_innerCircle.csv,57.35591133004926
Angio Retina_OD-Deep_sub-000046.png_IS.csv,89.54666921168162
Angio Retina_OD-Superficial_sub-000046.png_innerCircle.csv,29.527181898325008
Angio Retina_OD-Deep_sub-000046.png_innerCircle.csv,60.09028803545052
Angio Retina_OD-Superficial_sub-000046.png_IS.csv,74.93148704259815
Angio Retina_OS-Deep_sub-000046.png_IT.csv,92.10441962117532
Angio Retina_OS-Deep_sub-000046.png_IN.csv,92.52214527299083
Angio Retina_OS-Deep_sub-000046.png_II.csv,90.54743114833306
Angio Retina_OS-Superficial_sub-000046.png_innerCircle.csv,34.80456774984672
Angio Retina_OD-Deep_sub-000046.png_IT.csv,91.20328306928803
Angio Retina_OD-Superficial_sub-000046.png_IT.csv,70.41953064175286
Angio Retina_OS-Superficial_sub-000046.png_IT.csv,62.86472054111783
Angio Retina_OD-Deep_sub-000046.png_IN.csv,89.59996184662343
Angio Retina_OD-Superficial_sub-000046.png_II.csv,70.946797920584
Angio Retina_OD-Deep_sub-000046.png_II.csv,89.7212895841282
Angio Retina_OS-Superficial_sub-000046.png_IN.csv,74.93642509785316
Angio Retina_OS-Deep_sub-000046.png_IS.csv,91.46187469645459
Angio Retina_OD-Superficial_sub-000046.png_IN.csv,65.27275743833647
Angio Retina_OS-Superficial_sub-000046.png_IS.csv,74.23733238400379
Angio Retina_OD-Superficial_sub-000039.png_IS.csv,32.979008667388946
Angio Retina_OD-Deep_sub-000039.png_IT.csv,41.4738701604593
Angio Retina_OD-Deep_sub-000039.png_IS.csv,39.722950095686734
Angio Retina_OS-Deep_sub-000039.png_II.csv,43.48543689320388
Angio Retina_OS-Deep_sub-000039.png_IN.csv,41.89344660194175
Angio Retina_OD-Deep_sub-000039.png_innerCircle.csv,17.00537634408602
Angio Retina_OS-Superficial_sub-000039.png_IS.csv,36.48949379178605
Angio Retina_OD-Superficial_sub-000039.png_II.csv,38.45959527366563
Angio Retina_OS-Superficial_sub-000039.png_innerCircle.csv,8.142857142857142
Angio Retina_OD-Superficial_sub-000039.png_IT.csv,35.01909534127844
Angio Retina_OS-Deep_sub-000039.png_IT.csv,43.41452731475849
Angio Retina_OS-Deep_sub-000039.png_innerCircle.csv,22.066676885346414
Angio Retina_OD-Superficial_sub-000039.png_innerCircle.csv,4.945603337612323
Angio Retina_OS-Superficial_sub-000039.png_IT.csv,45.15747373447947
Angio Retina_OS-Deep_sub-000039.png_IS.csv,39.96276919333252
Angio Retina_OD-Deep_sub-000039.png_IN.csv,34.80541580349216
Angio Retina_OD-Superficial_sub-000039.png_IN.csv,28.87939698492462
Angio Retina_OS-Superficial_sub-000039.png_IN.csv,36.6150347139095
Angio Retina_OS-Superficial_sub-000039.png_II.csv,46.266937993775436
Angio Retina_OD-Deep_sub-000039.png_II.csv,45.45531222255105
Angio Retina_OD-Superficial_sub-000067.png_innerCircle.csv,16.14131046119235
Angio Retina_OD-Deep_sub-000067.png_IT.csv,70.47555012224939
Angio Retina_OS-Superficial_sub-000067.png_IN.csv,62.051858650757225
Angio Retina_OD-Superficial_sub-000067.png_IS.csv,56.20160961695191
Angio Retina_OS-Superficial_sub-000067.png_IT.csv,62.845447027474044
Angio Retina_OS-Deep_sub-000067.png_IN.csv,77.52262842365111
Angio Retina_OD-Superficial_sub-000067.png_IN.csv,54.47692307692308
Angio Retina_OD-Superficial_sub-000067.png_II.csv,58.70249617931737
Angio Retina_OS-Deep_sub-000067.png_II.csv,80.75549547431527
Angio Retina_OS-Deep_sub-000067.png_innerCircle.csv,43.18546903740037
Angio Retina_OD-Deep_sub-000067.png_innerCircle.csv,40.292182227221595
Angio Retina_OS-Deep_sub-000067.png_IS.csv,79.54458711273412
Angio Retina_OS-Deep_sub-000067.png_IT.csv,78.5434091176817
Angio Retina_OS-Superficial_sub-000067.png_innerCircle.csv,15.450943396226416
Angio Retina_OS-Superficial_sub-000067.png_II.csv,68.39531895364846
Angio Retina_OD-Deep_sub-000067.png_IN.csv,64.52114111054509
Angio Retina_OD-Superficial_sub-000067.png_IT.csv,62.162999185004075
Angio Retina_OD-Deep_sub-000067.png_IS.csv,62.255195599022
Angio Retina_OS-Superficial_sub-000067.png_IS.csv,68.35413029495544
Angio Retina_OD-Deep_sub-000067.png_II.csv,65.08568517575141
Angio Retina_OS-Deep_sub-000081.png_IN.csv,83.1836375632285
Angio Retina_OD-Deep_sub-000081.png_IT.csv,77.09640700781947
Angio Retina_OS-Superficial_sub-000081.png_IT.csv,63.90241661306625
Angio Retina_OS-Deep_sub-000081.png_innerCircle.csv,53.501028504260944
Angio Retina_OD-Superficial_sub-000081.png_IS.csv,66.70973077276486
Angio Retina_OS-Superficial_sub-000081.png_II.csv,69.50022946305644
Angio Retina_OD-Deep_sub-000081.png_IN.csv,76.13335979360984
Angio Retina_OD-Superficial_sub-000081.png_IN.csv,63.47278568150528
Angio Retina_OS-Superficial_sub-000081.png_IS.csv,71.63190296793164
Angio Retina_OS-Superficial_sub-000081.png_innerCircle.csv,19.41967654986523
Angio Retina_OS-Deep_sub-000081.png_IT.csv,80.9791460871474
Angio Retina_OS-Superficial_sub-000081.png_IN.csv,68.18311151904544
Angio Retina_OD-Deep_sub-000081.png_innerCircle.csv,43.311023622047244
Angio Retina_OD-Superficial_sub-000081.png_IT.csv,62.65423137002665
Angio Retina_OD-Deep_sub-000081.png_II.csv,80.65806707680095
Angio Retina_OS-Deep_sub-000081.png_II.csv,82.94204970310095
Angio Retina_OD-Superficial_sub-000081.png_II.csv,67.51243689765948
Angio Retina_OS-Deep_sub-000081.png_IS.csv,80.92503567116673
Angio Retina_OD-Superficial_sub-000081.png_innerCircle.csv,14.712938005390836
Angio Retina_OD-Deep_sub-000081.png_IS.csv,80.59526873205978
Angio Retina_OD-Deep_sub-000112.png_innerCircle.csv,39.33477088948787
Angio Retina_OS-Deep_sub-000112.png_II.csv,63.18817966903073
Angio Retina_OS-Superficial_sub-000112.png_IT.csv,62.746669116971425
Angio Retina_OS-Superficial_sub-000112.png_IS.csv,61.292290728659374
Angio Retina_OS-Deep_sub-000112.png_IT.csv,72.6333844158906
Angio Retina_OD-Deep_sub-000112.png_IS.csv,77.28034549297068
Angio Retina_OS-Superficial_sub-000112.png_innerCircle.csv,16.91509433962264
Angio Retina_OD-Superficial_sub-000112.png_II.csv,68.16659017898118
Angio Retina_OD-Deep_sub-000112.png_II.csv,82.87673244607618
Angio Retina_OD-Superficial_sub-000112.png_innerCircle.csv,15.675876010781671
Angio Retina_OD-Superficial_sub-000112.png_IS.csv,68.13268400257282
Angio Retina_OS-Superficial_sub-000112.png_IN.csv,61.2413951353832
Angio Retina_OD-Superficial_sub-000112.png_IT.csv,67.56445832950473
Angio Retina_OS-Deep_sub-000112.png_IN.csv,70.21063829787234
Angio Retina_OS-Superficial_sub-000112.png_II.csv,61.487195961450205
Angio Retina_OD-Superficial_sub-000112.png_IN.csv,66.90858191831116
Angio Retina_OD-Deep_sub-000112.png_IT.csv,78.69080216851971
Angio Retina_OS-Deep_sub-000112.png_innerCircle.csv,31.13074800735745
Angio Retina_OD-Deep_sub-000112.png_IN.csv,78.79899036255163
Angio Retina_OS-Deep_sub-000112.png_IS.csv,66.9220794530237
Angio Retina_OD-Superficial_sub-000102.png_IS.csv,69.89010383166406
Angio Retina_OD-Superficial_sub-000102.png_II.csv,70.53373106929784
Angio Retina_OS-Superficial_sub-000102.png_II.csv,66.85865075722809
Angio Retina_OS-Superficial_sub-000102.png_IS.csv,66.76752733621244
Angio Retina_OD-Superficial_sub-000102.png_innerCircle.csv,11.08355795148248
Angio Retina_OS-Deep_sub-000102.png_II.csv,98.28095456631482
Angio Retina_OD-Deep_sub-000102.png_IN.csv,88.12302429818354
Angio Retina_OD-Superficial_sub-000102.png_IT.csv,69.4924193696591
Angio Retina_OS-Deep_sub-000102.png_IN.csv,94.27122533272143
Angio Retina_OD-Deep_sub-000102.png_IT.csv,92.8594320725816
Angio Retina_OD-Deep_sub-000102.png_II.csv,90.83215380986081
Angio Retina_OS-Superficial_sub-000102.png_IN.csv,66.19201468563561
Angio Retina_OS-Deep_sub-000102.png_innerCircle.csv,46.25822102425876
Angio Retina_OD-Deep_sub-000102.png_innerCircle.csv,45.191293684855914
Angio Retina_OD-Deep_sub-000102.png_IS.csv,96.3263815246848
Angio Retina_OS-Superficial_sub-000102.png_IT.csv,63.041900211338785
Angio Retina_OD-Superficial_sub-000102.png_IN.csv,61.79798072510326
Angio Retina_OS-Superficial_sub-000102.png_innerCircle.csv,9.709973045822103
Angio Retina_OS-Deep_sub-000102.png_IT.csv,96.30855462648167
Angio Retina_OS-Deep_sub-000102.png_IS.csv,96.29642561793624
Angio Retina_OD-Superficial_sub-000101.png_innerCircle.csv,20.009983127109113
Angio Retina_OD-Superficial_sub-000101.png_II.csv,70.38644410723319
Angio Retina_OD-Deep_sub-000101.png_innerCircle.csv,49.698501322362624
Angio Retina_OS-Deep_sub-000101.png_IT.csv,83.45929356019815
Angio Retina_OS-Deep_sub-000101.png_IN.csv,83.35200948173689
Angio Retina_OS-Superficial_sub-000101.png_IT.csv,63.154644858954335
Angio Retina_OD-Superficial_sub-000101.png_IS.csv,70.48345045320298
Angio Retina_OS-Deep_sub-000101.png_IS.csv,82.30055998276976
Angio Retina_OS-Superficial_sub-000101.png_II.csv,70.21009637448371
Angio Retina_OD-Deep_sub-000101.png_IS.csv,84.9722536806342
Angio Retina_OD-Superficial_sub-000101.png_IN.csv,64.98786039453718
Angio Retina_OD-Superficial_sub-000101.png_IT.csv,65.03971891231286
Angio Retina_OS-Superficial_sub-000101.png_innerCircle.csv,20.36509433962264
Angio Retina_OS-Superficial_sub-000101.png_IN.csv,66.43708122992199
Angio Retina_OS-Superficial_sub-000101.png_IS.csv,70.27979417440044
Angio Retina_OD-Deep_sub-000101.png_IT.csv,81.79784824462061
Angio Retina_OS-Deep_sub-000101.png_innerCircle.csv,17.72832794593006
Angio Retina_OD-Deep_sub-000101.png_II.csv,80.29774963247766
Angio Retina_OD-Deep_sub-000101.png_IN.csv,80.94458894040484
Angio Retina_OS-Deep_sub-000101.png_II.csv,79.77114535071652
Angio Retina_OD-Superficial_sub-000008.png_IT.csv,61.870946480358555
Angio Retina_OD-Deep_sub-000008.png_IN.csv,81.60316615671145
Angio Retina_OS-Deep_sub-000008.png_innerCircle.csv,30.456290849673202
Angio Retina_OD-Superficial_sub-000008.png_II.csv,62.720477137176935
Angio Retina_OD-Superficial_sub-000008.png_IN.csv,58.28508946322068
Angio Retina_OS-Deep_sub-000008.png_II.csv,62.22822057460612
Angio Retina_OD-Deep_sub-000008.png_innerCircle.csv,48.942233632862646
Angio Retina_OS-Superficial_sub-000008.png_innerCircle.csv,28.158866995073893
Angio Retina_OS-Superficial_sub-000008.png_IT.csv,53.52682926829268
Angio Retina_OS-Superficial_sub-000008.png_IN.csv,69.94969108561341
Angio Retina_OD-Superficial_sub-000008.png_innerCircle.csv,16.618100128369704
Angio Retina_OS-Deep_sub-000008.png_IT.csv,63.98097889120854
Angio Retina_OD-Deep_sub-000008.png_IT.csv,88.04354795618488
Angio Retina_OS-Deep_sub-000008.png_IS.csv,61.98654604500116
Angio Retina_OS-Superficial_sub-000008.png_IS.csv,58.57556378323797
Angio Retina_OD-Deep_sub-000008.png_II.csv,84.90435013968339
Angio Retina_OS-Deep_sub-000008.png_IN.csv,66.84495096739995
Angio Retina_OD-Superficial_sub-000008.png_IS.csv,67.14539941998419
Angio Retina_OS-Superficial_sub-000008.png_II.csv,60.348067226890755
Angio Retina_OD-Deep_sub-000008.png_IS.csv,82.14119690088165
Angio Retina_OD-Deep_sub-000001.png_IS.csv,73.24340557275542
Angio Retina_OD-Superficial_sub-000001.png_II.csv,59.91548686244204
Angio Retina_OD-Superficial_sub-000001.png_IN.csv,55.80253477588872
Angio Retina_OS-Deep_sub-000001.png_IS.csv,80.06937844516251
Angio Retina_OD-Deep_sub-000001.png_II.csv,72.44823529411765
Angio Retina_OD-Superficial_sub-000001.png_innerCircle.csv,10.020114942528735
Angio Retina_OD-Superficial_sub-000001.png_IS.csv,63.63275403550003
Angio Retina_OS-Superficial_sub-000001.png_IN.csv,61.187351261304144
Angio Retina_OS-Deep_sub-000001.png_IT.csv,76.00335804346449
Angio Retina_OD-Deep_sub-000001.png_IN.csv,70.88613003095975
Angio Retina_OD-Deep_sub-000001.png_innerCircle.csv,34.63747126436782
Angio Retina_OS-Deep_sub-000001.png_II.csv,76.81240908228449
Angio Retina_OD-Deep_sub-000001.png_IT.csv,72.85876160990712
Angio Retina_OS-Superficial_sub-000001.png_II.csv,63.33811280342694
Angio Retina_OS-Deep_sub-000001.png_IN.csv,76.03687306305737
Angio Retina_OS-Superficial_sub-000001.png_IS.csv,62.93305962156373
Angio Retina_OS-Superficial_sub-000001.png_innerCircle.csv,10.79384410983171
Angio Retina_OS-Superficial_sub-000001.png_IT.csv,58.25026776151375
Angio Retina_OD-Superficial_sub-000001.png_IT.csv,62.691013668130374
Angio Retina_OS-Deep_sub-000001.png_innerCircle.csv,34.71781609195402
Angio Retina_OS-Deep_sub-000066.png_IT.csv,74.1865294496003
Angio Retina_OS-Superficial_sub-000066.png_IN.csv,65.38256080770996
Angio Retina_OS-Deep_sub-000066.png_IS.csv,71.36965910135073
Angio Retina_OD-Superficial_sub-000066.png_II.csv,64.69114272602111
Angio Retina_OD-Superficial_sub-000066.png_IT.csv,62.98722778645594
Angio Retina_OS-Superficial_sub-000066.png_innerCircle.csv,16.2088948787062
Angio Retina_OD-Superficial_sub-000066.png_IS.csv,64.57300376734356
Angio Retina_OS-Deep_sub-000066.png_II.csv,77.37536904259807
Angio Retina_OD-Superficial_sub-000066.png_innerCircle.csv,13.261455525606468
Angio Retina_OD-Deep_sub-000066.png_IN.csv,74.65525470399265
Angio Retina_OS-Deep_sub-000066.png_IN.csv,74.98614043139055
Angio Retina_OD-Superficial_sub-000066.png_IN.csv,61.54960991280404
Angio Retina_OD-Deep_sub-000066.png_innerCircle.csv,40.59946091644205
Angio Retina_OS-Superficial_sub-000066.png_IS.csv,66.60801249655425
Angio Retina_OS-Superficial_sub-000066.png_II.csv,68.6506654428637
Angio Retina_OD-Deep_sub-000066.png_II.csv,72.59357503441946
Angio Retina_OD-Deep_sub-000066.png_IT.csv,71.82008637324267
Angio Retina_OS-Superficial_sub-000066.png_IT.csv,62.975466323624
Angio Retina_OD-Deep_sub-000066.png_IS.csv,73.28696131581366
Angio Retina_OS-Deep_sub-000066.png_innerCircle.csv,45.70633423180593
Angio Retina_OD-Deep_sub-000092.png_II.csv,83.38127581459385
Angio Retina_OS-Deep_sub-000092.png_IN.csv,65.5025
Angio Retina_OS-Deep_sub-000092.png_II.csv,50.42675
Angio Retina_OS-Deep_sub-000092.png_innerCircle.csv,22.792611894543224
Angio Retina_OD-Deep_sub-000092.png_innerCircle.csv,36.98315363881402
Angio Retina_OS-Deep_sub-000092.png_IT.csv,65.42553723138431
Angio Retina_OS-Superficial_sub-000092.png_IN.csv,43.563223880597015
Angio Retina_OS-Deep_sub-000092.png_IS.csv,61.61719140429785
Angio Retina_OS-Superficial_sub-000092.png_II.csv,36.87701492537313
Angio Retina_OD-Superficial_sub-000092.png_innerCircle.csv,9.850808625336928
Angio Retina_OS-Superficial_sub-000092.png_innerCircle.csv,4.993868792152054
Angio Retina_OS-Superficial_sub-000092.png_IT.csv,42.14707287933094
Angio Retina_OD-Deep_sub-000092.png_IN.csv,81.55888022028454
Angio Retina_OD-Superficial_sub-000092.png_IT.csv,52.83175594964624
Angio Retina_OD-Superficial_sub-000092.png_IN.csv,54.92097292335934
Angio Retina_OD-Deep_sub-000092.png_IS.csv,80.43590921620877
Angio Retina_OS-Superficial_sub-000092.png_IS.csv,42.58064516129032
Angio Retina_OD-Superficial_sub-000092.png_II.csv,56.680679210647085
Angio Retina_OD-Deep_sub-000092.png_IT.csv,80.55232932095929
Angio Retina_OD-Superficial_sub-000092.png_IS.csv,57.35082238353395
Angio Retina_OD-Superficial_sub-000004.png_innerCircle.csv,28.898912724067
Angio Retina_OD-Deep_sub-000004.png_IT.csv,87.05191576484353
Angio Retina_OD-Superficial_sub-000004.png_II.csv,77.4980596518461
Angio Retina_OD-Superficial_sub-000004.png_IT.csv,73.43708314806581
Angio Retina_OS-Superficial_sub-000004.png_IS.csv,69.61015161502966
Angio Retina_OS-Superficial_sub-000004.png_IN.csv,63.116444678886985
Angio Retina_OD-Deep_sub-000004.png_IS.csv,82.17139514477917
Angio Retina_OS-Deep_sub-000004.png_IS.csv,73.5867604139029
Angio Retina_OS-Deep_sub-000004.png_IT.csv,73.81878482356062
Angio Retina_OS-Superficial_sub-000004.png_innerCircle.csv,22.979621309370987
Angio Retina_OS-Superficial_sub-000004.png_II.csv,70.87788474218647
Angio Retina_OD-Superficial_sub-000004.png_IN.csv,73.91285064863067
Angio Retina_OS-Superficial_sub-000004.png_IT.csv,65.20395517468688
Angio Retina_OS-Deep_sub-000004.png_IN.csv,76.2729808714134
Angio Retina_OS-Deep_sub-000004.png_II.csv,77.13761955366631
Angio Retina_OD-Deep_sub-000004.png_II.csv,90.67748063714745
Angio Retina_OD-Deep_sub-000004.png_innerCircle.csv,50.679771505376344
Angio Retina_OD-Deep_sub-000004.png_IN.csv,89.6592137951191
Angio Retina_OS-Deep_sub-000004.png_innerCircle.csv,45.16447368421053
Angio Retina_OD-Superficial_sub-000004.png_IS.csv,78.05302356602935
Angio Retina_OS-Deep_sub-000099.png_IT.csv,85.32716425179594
Angio Retina_OD-Superficial_sub-000099.png_IT.csv,63.332843317407814
Angio Retina_OD-Deep_sub-000099.png_innerCircle.csv,46.25898587933248
Angio Retina_OS-Deep_sub-000099.png_IN.csv,86.4642376818682
Angio Retina_OD-Deep_sub-000099.png_II.csv,82.57209117413198
Angio Retina_OS-Superficial_sub-000099.png_II.csv,62.850149253731345
Angio Retina_OS-Deep_sub-000099.png_IS.csv,87.90332399853891
Angio Retina_OS-Superficial_sub-000099.png_IN.csv,57.49313432835821
Angio Retina_OD-Deep_sub-000099.png_IN.csv,81.88510469122714
Angio Retina_OS-Superficial_sub-000099.png_IT.csv,60.40267654439001
Angio Retina_OD-Deep_sub-000099.png_IS.csv,81.11736590547
Angio Retina_OD-Superficial_sub-000099.png_IS.csv,64.53632243047899
Angio Retina_OS-Superficial_sub-000099.png_IS.csv,67.6093918030828
Angio Retina_OS-Deep_sub-000099.png_innerCircle.csv,46.19589209074188
Angio Retina_OS-Deep_sub-000099.png_II.csv,83.22680034234014
Angio Retina_OS-Superficial_sub-000099.png_innerCircle.csv,13.873697118332311
Angio Retina_OD-Superficial_sub-000099.png_innerCircle.csv,15.507050889025138
Angio Retina_OD-Deep_sub-000099.png_IT.csv,81.2068507700478
Angio Retina_OD-Superficial_sub-000099.png_IN.csv,58.60597492008852
Angio Retina_OD-Superficial_sub-000099.png_II.csv,65.53552987460044
Angio Retina_OD-Superficial_sub-000041.png_II.csv,63.97338403041825
Angio Retina_OS-Deep_sub-000041.png_IN.csv,88.0290254793801
Angio Retina_OD-Superficial_sub-000041.png_IN.csv,59.722917386795714
Angio Retina_OS-Superficial_sub-000041.png_IS.csv,71.07299859928887
Angio Retina_OD-Deep_sub-000041.png_II.csv,86.39458995276942
Angio Retina_OD-Superficial_sub-000041.png_IT.csv,63.225752970433824
Angio Retina_OD-Deep_sub-000041.png_IT.csv,85.75707261455142
Angio Retina_OD-Deep_sub-000041.png_innerCircle.csv,33.81800766283525
Angio Retina_OS-Superficial_sub-000041.png_IN.csv,66.73806947300076
Angio Retina_OS-Superficial_sub-000041.png_II.csv,68.45774266854237
Angio Retina_OS-Deep_sub-000041.png_IT.csv,86.21813403416557
Angio Retina_OS-Deep_sub-000041.png_innerCircle.csv,33.38666666666666
Angio Retina_OD-Deep_sub-000041.png_IN.csv,83.99119793902963
Angio Retina_OS-Deep_sub-000041.png_II.csv,88.61275282374574
Angio Retina_OD-Deep_sub-000041.png_IS.csv,86.99315898239863
Angio Retina_OS-Superficial_sub-000041.png_innerCircle.csv,7.236757795813755
Angio Retina_OS-Superficial_sub-000041.png_IT.csv,65.3258269583019
Angio Retina_OD-Superficial_sub-000041.png_IS.csv,65.46884498480243
Angio Retina_OD-Superficial_sub-000041.png_innerCircle.csv,3.6999521072796937
Angio Retina_OS-Deep_sub-000041.png_IS.csv,86.00801576872536
Angio Retina_OS-Deep_sub-000095.png_IT.csv,84.13499848316312
Angio Retina_OD-Deep_sub-000095.png_IT.csv,78.08328354642131
Angio Retina_OD-Superficial_sub-000095.png_IT.csv,58.53340071671414
Angio Retina_OD-Superficial_sub-000095.png_IS.csv,61.76872185978131
Angio Retina_OS-Deep_sub-000095.png_IS.csv,86.99848316311052
Angio Retina_OS-Superficial_sub-000095.png_innerCircle.csv,15.789487870619945
Angio Retina_OS-Deep_sub-000095.png_II.csv,86.99654962451797
Angio Retina_OD-Deep_sub-000095.png_IN.csv,75.9379104477612
Angio Retina_OD-Superficial_sub-000095.png_innerCircle.csv,13.735714285714286
Angio Retina_OD-Deep_sub-000095.png_II.csv,82.54973134328358
Angio Retina_OS-Superficial_sub-000095.png_IN.csv,62.661679669573196
Angio Retina_OD-Superficial_sub-000095.png_IN.csv,53.23506195502524
Angio Retina_OS-Superficial_sub-000095.png_IT.csv,65.74593402554443
Angio Retina_OS-Deep_sub-000095.png_IN.csv,86.21473513294094
Angio Retina_OS-Superficial_sub-000095.png_II.csv,70.52060578246902
Angio Retina_OS-Deep_sub-000095.png_innerCircle.csv,47.14735658042745
Angio Retina_OD-Superficial_sub-000095.png_II.csv,56.622028453419
Angio Retina_OD-Deep_sub-000095.png_innerCircle.csv,38.50858369098712
Angio Retina_OD-Deep_sub-000095.png_IS.csv,77.66853865455849
Angio Retina_OS-Superficial_sub-000095.png_IS.csv,66.52494716530369
Angio Retina_OS-Superficial_sub-000107.png_innerCircle.csv,14.627762803234502
Angio Retina_OD-Deep_sub-000107.png_IN.csv,79.55024766097964
Angio Retina_OD-Superficial_sub-000107.png_innerCircle.csv,14.303993250843645
Angio Retina_OD-Deep_sub-000107.png_innerCircle.csv,43.70584778136938
Angio Retina_OS-Superficial_sub-000107.png_IN.csv,60.37099586966498
Angio Retina_OD-Deep_sub-000107.png_IS.csv,83.20144911625864
Angio Retina_OS-Deep_sub-000107.png_innerCircle.csv,42.554874310239114
Angio Retina_OD-Deep_sub-000107.png_IT.csv,86.1364584476891
Angio Retina_OD-Superficial_sub-000107.png_IT.csv,66.16781128695133
Angio Retina_OS-Superficial_sub-000107.png_IT.csv,56.97372048148488
Angio Retina_OD-Deep_sub-000107.png_II.csv,85.389543203082
Angio Retina_OD-Superficial_sub-000107.png_II.csv,65.23109076433121
Angio Retina_OD-Superficial_sub-000107.png_IS.csv,66.46989150990345
Angio Retina_OS-Superficial_sub-000107.png_IS.csv,63.97574198290913
Angio Retina_OD-Superficial_sub-000107.png_IN.csv,52.4265525477707
Angio Retina_OS-Deep_sub-000107.png_IS.csv,84.9314726840855
Angio Retina_OS-Deep_sub-000107.png_IN.csv,86.2141752883815
Angio Retina_OS-Deep_sub-000107.png_II.csv,82.908193602093
Angio Retina_OS-Deep_sub-000107.png_IT.csv,79.04726840855106
Angio Retina_OS-Superficial_sub-000107.png_II.csv,62.061128958237724
